{"cameraMode":{"drawMode":0,"name":"Shaded","section":"Shading Mode"},"sceneLighting":false,"audioPlay":false,"sceneViewState":{"showFog":true,"showMaterialUpdate":false,"showSkybox":true,"showFlares":true,"showImageEffects":true,"showParticleSystems":true},"in2DMode":false,"pivot":{"x":0.22548675537109376,"y":0.15240478515625,"z":-0.04189300537109375},"rotation":{"x":-0.06804157793521881,"y":0.9210836887359619,"z":-0.33445870876312258,"w":-0.18738338351249696},"size":1058.5286865234375,"orthographic":false}