{"cameraMode":{"drawMode":0,"name":"Shaded","section":"Shading Mode"},"sceneLighting":false,"audioPlay":false,"sceneViewState":{"showFog":true,"showMaterialUpdate":false,"showSkybox":true,"showFlares":true,"showImageEffects":true,"showParticleSystems":true},"in2DMode":false,"pivot":{"x":2.5524983406066896,"y":-0.6376030445098877,"z":-2.2597107887268068},"rotation":{"x":-0.06804157793521881,"y":0.9210836887359619,"z":-0.33445870876312258,"w":-0.18738338351249696},"size":4.041658401489258,"orthographic":false}